<?xml version='1.0' encoding='utf-8'?><document xmlns:xsi="http://www.w3.org/2001/XMLSchema-instance" xsi:noNamespaceSchemaLocation="importexport_201211.xsd"><header><creation-date>2016-06-14T15:33:45</creation-date><botype>ImportexportDefinition</botype><user>SUPERVISOR</user><database>MSSQL</database><EE-version state="Production">201210002800</EE-version><metadataversion>B_FOEE_2012100000_FB10831</metadataversion><languages><language code="NLD">Nederlands</language><language code="AME">English US</language><language code="ENG">English</language><language code="DEU">Deutsch</language><language code="FRA">Français</language><language code="ENI">English ITSM</language><language code="NLI">Nederlands ITSM</language></languages><measurementunit>FEET</measurementunit></header><businessobject botype="ImportexportDefinition" version="201210002800" ref-id="5"><included-references /><fields><field pnname="Name">DBS_Import_Visitors</field><field pnname="Code">Import_Visitors</field></fields><associations><association botype="ImportDocument" ref-field="ImportExportDefinitionRef"><businessobject botype="ImportDocument" version="201210002800" ref-id="7"><included-references /><fields><field pnname="DataSource">E:\SVN\DBS\PeetSolutions\trunk\qa\Input.csv</field><field pnname="Name">Reads input from CSV and imports Visitors into Planon</field><field pnname="LogDuration" /><field pnname="PostProcessFileLocation" /><field pnname="Sequence">1</field><field pnname="Code">CSVToXML</field><field pnname="ImportPostProcessPolicy">KEEP</field><reference pnname="ImportExportDefinitionRef"><ref-id>5</ref-id></reference></fields><associations><association botype="ImportBODefinition" ref-field="ImportExportDocumentRef" /><association botype="ImportExportWorker" ref-field="ImportExportDocumentRef"><businessobject botype="ImportExportWorker" version="201210002800" ref-id="30"><included-references /><fields><field pnname="Name">This worker will read the in bound csv data</field><field pnname="AdditionalParameters">textQualifier="
delimiter=;</field><field pnname="PlugInName">nl.planon.morpheus.pnworkers.server.csvworkers.CSVReaderWorker</field><field pnname="Sequence">10</field><field pnname="Code">CSVReader</field><field pnname="EnableLogging">F</field><reference pnname="ImportExportDocumentRef"><ref-id>7</ref-id></reference></fields><associations /><links /></businessobject><businessobject botype="ImportExportWorker" version="201210002800" ref-id="31"><included-references /><fields><field pnname="Name">This worker will Writer the POJO into an XML File.</field><field pnname="AdditionalParameters">fileName=E:\\SVN\\DBS\\PeetSolutions\\trunk\\qa\\input.xml</field><field pnname="PlugInName">sg.planon.tms.bom.worker.FileWriterWorker</field><field pnname="Sequence">20</field><field pnname="Code">XMLWriterWorker</field><field pnname="EnableLogging">F</field><reference pnname="ImportExportDocumentRef"><ref-id>7</ref-id></reference></fields><associations /><links /></businessobject><businessobject botype="ImportExportWorker" version="201210002800" ref-id="32"><included-references /><fields><field pnname="Name">This will create a Visitor record based on the data from CSV file</field><field pnname="AdditionalParameters">sessionId = SessionID
enrollmentId = EnrollmentID
staffDisplayName = StaffDisplayName
employeeId = EmployeeID
cardId = CardID
sessionId.sysname = FreeString47
employeeId.sysname = FreeString4
cardId.sysname = FreeString3
name.syscode = Name
enrollmentId.sysname =FreeString6
staffType.sysname = FreeString8</field><field pnname="PlugInName">sg.planon.tms.bom.worker.BomAddVisitorToReservationWorker</field><field pnname="Sequence">30</field><field pnname="Code">CustomWorker</field><field pnname="EnableLogging">T</field><reference pnname="ImportExportDocumentRef"><ref-id>7</ref-id></reference></fields><associations /><links /></businessobject></association></associations><links /></businessobject></association><association botype="ExportDocument" ref-field="ImportExportDefinitionRef" /></associations><links /></businessobject><crc>m9CUw6yL9E8T7MNV1noY/+YPA992X8VFlprb84MaSxw=</crc></document>