<?xml version='1.0' encoding='utf-8'?><document xmlns:xsi="http://www.w3.org/2001/XMLSchema-instance" xsi:noNamespaceSchemaLocation="importexport_201211.xsd"><header><creation-date>2016-06-21T17:35:03</creation-date><botype>ImportexportDefinition</botype><user>SUPERVISOR</user><database>MSSQL</database><EE-version state="Production">201210004100</EE-version><metadataversion>B_FOEE_2012100000_FB11393</metadataversion><languages><language code="NLD">Nederlands</language><language code="AME">English US</language><language code="ENG">English</language><language code="DEU">Deutsch</language><language code="FRA">Français</language><language code="ENI">English ITSM</language><language code="NLI">Nederlands ITSM</language></languages><measurementunit>METER</measurementunit></header><businessobject botype="ImportexportDefinition" version="201210004100" ref-id="133"><included-references /><fields><field pnname="Name">This peet definition exports the data from Visitor BO linked to Training Course Meeting</field><field pnname="Code">VisitorDetailsExport</field></fields><associations><association botype="ImportDocument" ref-field="ImportExportDefinitionRef" /><association botype="ExportDocument" ref-field="ImportExportDefinitionRef"><businessobject botype="ExportDocument" version="201210004100" ref-id="249"><included-references /><fields><field pnname="DataSource">\\\\Pc09395\\dbs_r13\\dbspeet\\output.xml</field><field pnname="Name">Export Visitor data as xml format</field><field pnname="LogDuration" /><field pnname="DocumentSuffixDateTimeFormat" /><field pnname="ExportUniqueFile">F</field><field pnname="Sequence">1</field><field pnname="Code">PlanonTOXML</field><reference pnname="ImportExportDefinitionRef"><ref-id>133</ref-id></reference></fields><associations><association botype="ImportExportWorker" ref-field="ImportExportDocumentRef"><businessobject botype="ImportExportWorker" version="201210004100" ref-id="1324"><included-references /><fields><field pnname="Name">This worker will Read Planon Data</field><field pnname="AdditionalParameters" /><field pnname="PlugInName">nl.planon.morpheus.pnworkers.server.planonreaderworker.PlanonDataReaderWorker</field><field pnname="Sequence">10</field><field pnname="Code">PlanonReaderWorker</field><field pnname="EnableLogging">F</field><reference pnname="ImportExportDocumentRef"><ref-id>249</ref-id></reference></fields><associations /><links /></businessobject><businessobject botype="ImportExportWorker" version="201210004100" ref-id="1325"><included-references /><fields><field pnname="Name">This worker will Writer the POJO into an XML File.</field><field pnname="AdditionalParameters" /><field pnname="PlugInName">nl.planon.morpheus.pnworkers.server.xmlworkers.FileXMLWriterWorker</field><field pnname="Sequence">20</field><field pnname="Code">XMLWriter</field><field pnname="EnableLogging">F</field><reference pnname="ImportExportDocumentRef"><ref-id>249</ref-id></reference></fields><associations /><links /></businessobject></association><association botype="ExportBODefinition" ref-field="ImportExportDocumentRef"><businessobject botype="ExportBODefinition" version="201210004100" ref-id="586"><included-references /><fields><field pnname="Filter"><![CDATA[<?xml version="1.0" encoding="UTF-8"?><searchcriteria><version>1.0</version><botype>UsrReservationMeetingRoom</botype><node nodetype="and"><node nodetype="expression"><botype>UsrReservationMeetingRoom</botype><planonname>FreeString6</planonname><operator operatortype="NotNull"><operatorvalues/></operator></node><node nodetype="expression"><botype>UsrReservationMeetingRoom</botype><planonname>RefBODefinitionUserDefined</planonname><operator operatortype="Equal"><operatorvalues><value>1621</value></operatorvalues></operator></node></node></searchcriteria>]]></field><field pnname="EEMarkingExports">T</field><field pnname="MarkValueField" /><field pnname="IS_MainBO">F</field><field pnname="Sequence" /><field pnname="XMLNodeName">UsrReservationMeetingRoom</field><field pnname="ExportPolicy">ALWAYS</field><field pnname="IsImportExportMarked">F</field><reference pnname="MarkDateTimeFieldRef" /><reference pnname="BusinessObjectRef"><field pnname="PnName">UsrReservationMeetingRoom</field></reference><reference pnname="MarkFieldRef" /><reference pnname="ImportExportDocumentRef"><ref-id>249</ref-id></reference></fields><associations><association botype="ImportexportFieldDefinition" ref-field="ImportExporBODefinitionRef"><businessobject botype="ImportexportFieldDefinition" version="201210004100" ref-id="4003"><included-references /><fields><field pnname="ImportPolicy">NEVER_USE_DEFAULT</field><field pnname="PartOfID">F</field><field pnname="XMLNodeName">SessionID</field><field pnname="DefaultValueXml" /><reference pnname="ImportExporBODefinitionRef"><ref-id>586</ref-id></reference><reference pnname="FieldDefinitionRef"><field pnname="PnName">FreeString47</field><reference pnname="BusinessObjectRef"><field pnname="PnName">UsrReservationMeetingRoom</field></reference></reference></fields><associations /><links /></businessobject><businessobject botype="ImportexportFieldDefinition" version="201210004100" ref-id="4004"><included-references /><fields><field pnname="ImportPolicy">NEVER_USE_DEFAULT</field><field pnname="PartOfID">F</field><field pnname="XMLNodeName">ActivityID</field><field pnname="DefaultValueXml" /><reference pnname="ImportExporBODefinitionRef"><ref-id>586</ref-id></reference><reference pnname="FieldDefinitionRef"><field pnname="PnName">FreeString17</field><reference pnname="BusinessObjectRef"><field pnname="PnName">UsrReservationMeetingRoom</field></reference></reference></fields><associations /><links /></businessobject></association><association botype="ImportExportFieldAsSubDefinition" ref-field="ImportExporBODefinitionRef" /><association botype="ImportExportFieldAsSuperDefinition" ref-field="ImportExporBODefinitionRef" /></associations><links /></businessobject><businessobject botype="ExportBODefinition" version="201210004100" ref-id="587"><included-references /><fields><field pnname="Filter"><![CDATA[<?xml version="1.0" encoding="UTF-8"?><searchcriteria><version>1.0</version><botype>Visitor</botype><node nodetype="and"><node nodetype="expression"><botype>Visitor</botype><planonname>OrderRef</planonname><operator operatortype="NotNull"><operatorvalues/></operator></node><node nodetype="expression"><botype>Visitor</botype><planonname>FreeString2</planonname><operator operatortype="NotNull"><operatorvalues/></operator></node></node></searchcriteria>]]></field><field pnname="EEMarkingExports">T</field><field pnname="MarkValueField" /><field pnname="IS_MainBO">T</field><field pnname="Sequence">1</field><field pnname="XMLNodeName">Visitor</field><field pnname="ExportPolicy">ALWAYS</field><field pnname="IsImportExportMarked">F</field><reference pnname="MarkDateTimeFieldRef" /><reference pnname="BusinessObjectRef"><field pnname="PnName">Visitor</field></reference><reference pnname="MarkFieldRef" /><reference pnname="ImportExportDocumentRef"><ref-id>249</ref-id></reference></fields><associations><association botype="ImportexportFieldDefinition" ref-field="ImportExporBODefinitionRef"><businessobject botype="ImportexportFieldDefinition" version="201210004100" ref-id="4005"><included-references /><fields><field pnname="ImportPolicy">NEVER_USE_DEFAULT</field><field pnname="PartOfID">F</field><field pnname="XMLNodeName">EnrollmentId</field><field pnname="DefaultValueXml" /><reference pnname="ImportExporBODefinitionRef"><ref-id>587</ref-id></reference><reference pnname="FieldDefinitionRef"><field pnname="PnName">FreeString2</field><reference pnname="BusinessObjectRef"><field pnname="PnName">Visitor</field></reference></reference></fields><associations /><links /></businessobject><businessobject botype="ImportexportFieldDefinition" version="201210004100" ref-id="4006"><included-references /><fields><field pnname="ImportPolicy">NEVER_USE_DEFAULT</field><field pnname="PartOfID">F</field><field pnname="XMLNodeName">EmployeeId</field><field pnname="DefaultValueXml" /><reference pnname="ImportExporBODefinitionRef"><ref-id>587</ref-id></reference><reference pnname="FieldDefinitionRef"><field pnname="PnName">FreeString4</field><reference pnname="BusinessObjectRef"><field pnname="PnName">Visitor</field></reference></reference></fields><associations /><links /></businessobject><businessobject botype="ImportexportFieldDefinition" version="201210004100" ref-id="4007"><included-references /><fields><field pnname="ImportPolicy">NEVER_USE_DEFAULT</field><field pnname="PartOfID">F</field><field pnname="XMLNodeName">AttendeeStatus</field><field pnname="DefaultValueXml" /><reference pnname="ImportExporBODefinitionRef"><ref-id>587</ref-id></reference><reference pnname="FieldDefinitionRef"><field pnname="PnName">FreeString10</field><reference pnname="BusinessObjectRef"><field pnname="PnName">Visitor</field></reference></reference></fields><associations /><links /></businessobject><businessobject botype="ImportexportFieldDefinition" version="201210004100" ref-id="4008"><included-references /><fields><field pnname="ImportPolicy">NEVER_USE_DEFAULT</field><field pnname="PartOfID">F</field><field pnname="XMLNodeName">CardID</field><field pnname="DefaultValueXml" /><reference pnname="ImportExporBODefinitionRef"><ref-id>587</ref-id></reference><reference pnname="FieldDefinitionRef"><field pnname="PnName">FreeString3</field><reference pnname="BusinessObjectRef"><field pnname="PnName">Visitor</field></reference></reference></fields><associations /><links /></businessobject><businessobject botype="ImportexportFieldDefinition" version="201210004100" ref-id="4009"><included-references /><fields><field pnname="ImportPolicy">NEVER_USE_DEFAULT</field><field pnname="PartOfID">F</field><field pnname="XMLNodeName">TotalHours</field><field pnname="DefaultValueXml" /><reference pnname="ImportExporBODefinitionRef"><ref-id>587</ref-id></reference><reference pnname="FieldDefinitionRef"><field pnname="PnName">FreeString1</field><reference pnname="BusinessObjectRef"><field pnname="PnName">Visitor</field></reference></reference></fields><associations /><links /></businessobject></association><association botype="ImportExportFieldAsSubDefinition" ref-field="ImportExporBODefinitionRef"><businessobject botype="ImportExportFieldAsSubDefinition" version="201210004100" ref-id="4010"><included-references /><fields><field pnname="PartOfID">F</field><reference pnname="ImportExporBODefinitionRef"><ref-id>587</ref-id></reference><reference pnname="FieldDefinitionRef"><field pnname="PnName">OrderRef</field><reference pnname="BusinessObjectRef"><field pnname="PnName">Visitor</field></reference></reference><reference pnname="RefImportExportBODefRef"><ref-id>586</ref-id></reference></fields><associations /><links /></businessobject></association><association botype="ImportExportFieldAsSuperDefinition" ref-field="ImportExporBODefinitionRef" /></associations><links /></businessobject></association></associations><links /></businessobject><businessobject botype="ExportDocument" version="201210004100" ref-id="250"><included-references /><fields><field pnname="DataSource">dummy</field><field pnname="Name">Converts the xml data from to csv format</field><field pnname="LogDuration" /><field pnname="DocumentSuffixDateTimeFormat">yyyymmdd</field><field pnname="ExportUniqueFile">T</field><field pnname="Sequence">2</field><field pnname="Code">XMLTOCSV</field><reference pnname="ImportExportDefinitionRef"><ref-id>133</ref-id></reference></fields><associations><association botype="ImportExportWorker" ref-field="ImportExportDocumentRef"><businessobject botype="ImportExportWorker" version="201210004100" ref-id="1328"><included-references /><fields><field pnname="Name">Flattens The compositeStructure of export data in xml</field><field pnname="AdditionalParameters">xslfile=\\\\Pc09395\\dbs_r13\\dbspeet\\exportflatten.xsl,
in=\\\\Pc09395\\dbs_r13\\dbspeet\\output.xml,
out = \\\\Pc09395\\dbs_r13\\dbspeet\\modifiedoutput.xml</field><field pnname="PlugInName">nl.planon.morpheus.pnworkers.server.xsltworkers.FileXSLTTransformationWorker</field><field pnname="Sequence">10</field><field pnname="Code">FileXSLTTransWorker</field><field pnname="EnableLogging">T</field><reference pnname="ImportExportDocumentRef"><ref-id>250</ref-id></reference></fields><associations /><links /></businessobject><businessobject botype="ImportExportWorker" version="201210004100" ref-id="1329"><included-references /><fields><field pnname="Name">outputs the exported data as csv into csv file</field><field pnname="AdditionalParameters">xslfile=\\\\Pc09395\\dbs_r13\\dbspeet\\XMLTOCSVConversion.xsl,
in=\\\\Pc09395\\dbs_r13\\dbspeet\\modifiedoutput.xml,
out=dummy</field><field pnname="PlugInName">nl.planon.morpheus.pnworkers.server.xsltworkers.FileXSLTTransformationWorker</field><field pnname="Sequence">20</field><field pnname="Code">FileXSLTTransWorker2</field><field pnname="EnableLogging">T</field><reference pnname="ImportExportDocumentRef"><ref-id>250</ref-id></reference></fields><associations /><links /></businessobject></association><association botype="ExportBODefinition" ref-field="ImportExportDocumentRef" /></associations><links /></businessobject></association></associations><links /></businessobject><crc>Z75z5KeswD7PMvS+tlTx4G7drTgpweEV8pcVFYSHK6Q=</crc></document>