<document>
<element><SessionID>123123</SessionID><EnrollmentID>01</EnrollmentID><StaffDisplayName>Ari</StaffDisplayName><EmployeeID>101</EmployeeID><CardID>201</CardID></element><element><SessionID>123123</SessionID><EnrollmentID>02</EnrollmentID><StaffDisplayName>Kalyan</StaffDisplayName><EmployeeID>102</EmployeeID><CardID>202</CardID></element><element><SessionID>123123</SessionID><EnrollmentID>03</EnrollmentID><StaffDisplayName>Suma</StaffDisplayName><EmployeeID>103</EmployeeID><CardID>203</CardID></element><element><SessionID>123123</SessionID><EnrollmentID>04</EnrollmentID><StaffDisplayName>Sri</StaffDisplayName><EmployeeID>104</EmployeeID><CardID>222</CardID></element>
</document>