<?xml version='1.0' encoding='utf-8'?><document xmlns:xsi="http://www.w3.org/2001/XMLSchema-instance" xsi:noNamespaceSchemaLocation="importexport_201211.xsd"><header><creation-date>2016-07-20T14:38:07</creation-date><botype>ImportexportDefinition</botype><user>SUPERVISOR</user><database>MSSQL</database><EE-version state="Production">201210004100</EE-version><metadataversion>B_FOEE_2012100000_FB11393</metadataversion><languages><language code="NLD">Nederlands</language><language code="AME">English US</language><language code="ENG">English</language><language code="DEU">Deutsch</language><language code="FRA">Français</language><language code="ENI">English ITSM</language><language code="NLI">Nederlands ITSM</language></languages><measurementunit>METER</measurementunit></header><businessobject botype="ImportexportDefinition" version="201210004100" ref-id="135"><included-references /><fields><field pnname="Name">Import users &amp; link to usergroup</field><field pnname="Code">IMP_USERS</field></fields><associations><association botype="ImportDocument" ref-field="ImportExportDefinitionRef"><businessobject botype="ImportDocument" version="201210004100" ref-id="249"><included-references /><fields><field pnname="DataSource">C:\Users\sahend\Desktop\PEET PERSONNEL INFO\Accounts.xls</field><field pnname="Name">Import users</field><field pnname="LogDuration" /><field pnname="PostProcessFileLocation" /><field pnname="Sequence">1</field><field pnname="Code">IMP Users</field><field pnname="ImportPostProcessPolicy">KEEP</field><reference pnname="ImportExportDefinitionRef"><ref-id>135</ref-id></reference></fields><associations><association botype="ImportBODefinition" ref-field="ImportExportDocumentRef"><businessobject botype="ImportBODefinition" version="201210004100" ref-id="579"><included-references /><fields><field pnname="MarkValueField" /><field pnname="XMLNodeName">Account</field><field pnname="IsImportExportMarked">F</field><reference pnname="ImportPolicyNotExist"><field pnname="Code">1</field></reference><reference pnname="ImportPolicyExistOnce"><field pnname="Code">1</field></reference><reference pnname="MarkingCurrentState" /><reference pnname="BusinessObjectRef"><field pnname="PnName">Account</field></reference><reference pnname="MarkFieldRef" /><reference pnname="ImportPolicyExistTwoORMore"><field pnname="Code">2</field></reference><reference pnname="ImportExportDocumentRef"><ref-id>249</ref-id></reference></fields><associations><association botype="ImportexportFieldDefinition" ref-field="ImportExporBODefinitionRef"><businessobject botype="ImportexportFieldDefinition" version="201210004100" ref-id="3989"><included-references /><fields><field pnname="ImportPolicy">WHEN_FIELD_EMPTY_AND_DOESNOT_EXIST</field><field pnname="PartOfID">F</field><field pnname="XMLNodeName">DataSectionRef</field><field pnname="DefaultValueXml">NL</field><reference pnname="ImportExporBODefinitionRef"><ref-id>579</ref-id></reference><reference pnname="FieldDefinitionRef"><field pnname="PnName">DataSectionRef</field><reference pnname="BusinessObjectRef"><field pnname="PnName">Account</field></reference></reference></fields><associations /><links /></businessobject><businessobject botype="ImportexportFieldDefinition" version="201210004100" ref-id="3990"><included-references /><fields><field pnname="ImportPolicy">NEVER_USE_DEFAULT</field><field pnname="PartOfID">F</field><field pnname="XMLNodeName">Description</field><field pnname="DefaultValueXml" /><reference pnname="ImportExporBODefinitionRef"><ref-id>579</ref-id></reference><reference pnname="FieldDefinitionRef"><field pnname="PnName">Description</field><reference pnname="BusinessObjectRef"><field pnname="PnName">Account</field></reference></reference></fields><associations /><links /></businessobject><businessobject botype="ImportexportFieldDefinition" version="201210004100" ref-id="3991"><included-references /><fields><field pnname="ImportPolicy">NEVER_USE_DEFAULT</field><field pnname="PartOfID">T</field><field pnname="XMLNodeName">Accountname</field><field pnname="DefaultValueXml" /><reference pnname="ImportExporBODefinitionRef"><ref-id>579</ref-id></reference><reference pnname="FieldDefinitionRef"><field pnname="PnName">Accountname</field><reference pnname="BusinessObjectRef"><field pnname="PnName">Account</field></reference></reference></fields><associations /><links /></businessobject><businessobject botype="ImportexportFieldDefinition" version="201210004100" ref-id="3992"><included-references /><fields><field pnname="ImportPolicy">WHEN_FIELD_EMPTY_AND_DOESNOT_EXIST</field><field pnname="PartOfID">F</field><field pnname="XMLNodeName">BeginDate</field><field pnname="DefaultValueXml">&amp;datetime</field><reference pnname="ImportExporBODefinitionRef"><ref-id>579</ref-id></reference><reference pnname="FieldDefinitionRef"><field pnname="PnName">BeginDate</field><reference pnname="BusinessObjectRef"><field pnname="PnName">Account</field></reference></reference></fields><associations /><links /></businessobject></association><association botype="ImportExportFieldAsSubDefinition" ref-field="ImportExporBODefinitionRef" /><association botype="ImportExportFieldAsSuperDefinition" ref-field="ImportExporBODefinitionRef" /></associations><links /></businessobject><businessobject botype="ImportBODefinition" version="201210004100" ref-id="580"><included-references /><fields><field pnname="MarkValueField" /><field pnname="XMLNodeName">Account-AccountGroup</field><field pnname="IsImportExportMarked">F</field><reference pnname="ImportPolicyNotExist"><field pnname="Code">1</field></reference><reference pnname="ImportPolicyExistOnce"><field pnname="Code">1</field></reference><reference pnname="MarkingCurrentState" /><reference pnname="BusinessObjectRef"><field pnname="PnName">Account-AccountGroup</field></reference><reference pnname="MarkFieldRef" /><reference pnname="ImportPolicyExistTwoORMore"><field pnname="Code">2</field></reference><reference pnname="ImportExportDocumentRef"><ref-id>249</ref-id></reference></fields><associations><association botype="ImportexportFieldDefinition" ref-field="ImportExporBODefinitionRef"><businessobject botype="ImportexportFieldDefinition" version="201210004100" ref-id="3993"><included-references /><fields><field pnname="ImportPolicy">NEVER_USE_DEFAULT</field><field pnname="PartOfID">T</field><field pnname="XMLNodeName">AccountGroupRef</field><field pnname="DefaultValueXml" /><reference pnname="ImportExporBODefinitionRef"><ref-id>580</ref-id></reference><reference pnname="FieldDefinitionRef"><field pnname="PnName">AccountGroupRef</field><reference pnname="BusinessObjectRef"><field pnname="PnName">Account-AccountGroup</field></reference></reference></fields><associations /><links /></businessobject></association><association botype="ImportExportFieldAsSubDefinition" ref-field="ImportExporBODefinitionRef" /><association botype="ImportExportFieldAsSuperDefinition" ref-field="ImportExporBODefinitionRef"><businessobject botype="ImportExportFieldAsSuperDefinition" version="201210004100" ref-id="3994"><included-references /><fields><field pnname="PartOfID">T</field><reference pnname="ImportExporBODefinitionRef"><ref-id>580</ref-id></reference><reference pnname="FieldDefinitionRef"><field pnname="PnName">AccountRef</field><reference pnname="BusinessObjectRef"><field pnname="PnName">Account-AccountGroup</field></reference></reference><reference pnname="RefImportExportBODefRef"><ref-id>579</ref-id></reference></fields><associations /><links /></businessobject></association></associations><links /></businessobject><businessobject botype="ImportBODefinition" version="201210004100" ref-id="590"><included-references /><fields><field pnname="MarkValueField" /><field pnname="XMLNodeName">AccountPerson</field><field pnname="IsImportExportMarked">F</field><reference pnname="ImportPolicyNotExist"><field pnname="Code">1</field></reference><reference pnname="ImportPolicyExistOnce"><field pnname="Code">1</field></reference><reference pnname="MarkingCurrentState" /><reference pnname="BusinessObjectRef"><field pnname="PnName">AccountPerson</field></reference><reference pnname="MarkFieldRef" /><reference pnname="ImportPolicyExistTwoORMore"><field pnname="Code">2</field></reference><reference pnname="ImportExportDocumentRef"><ref-id>249</ref-id></reference></fields><associations><association botype="ImportexportFieldDefinition" ref-field="ImportExporBODefinitionRef"><businessobject botype="ImportexportFieldDefinition" version="201210004100" ref-id="4005"><included-references /><fields><field pnname="ImportPolicy">NEVER_USE_DEFAULT</field><field pnname="PartOfID">T</field><field pnname="XMLNodeName">PersonRef</field><field pnname="DefaultValueXml" /><reference pnname="ImportExporBODefinitionRef"><ref-id>590</ref-id></reference><reference pnname="FieldDefinitionRef"><field pnname="PnName">PersonRef</field><reference pnname="BusinessObjectRef"><field pnname="PnName">AccountPerson</field></reference></reference></fields><associations /><links /></businessobject></association><association botype="ImportExportFieldAsSubDefinition" ref-field="ImportExporBODefinitionRef" /><association botype="ImportExportFieldAsSuperDefinition" ref-field="ImportExporBODefinitionRef"><businessobject botype="ImportExportFieldAsSuperDefinition" version="201210004100" ref-id="4006"><included-references /><fields><field pnname="PartOfID">T</field><reference pnname="ImportExporBODefinitionRef"><ref-id>590</ref-id></reference><reference pnname="FieldDefinitionRef"><field pnname="PnName">AccountRef</field><reference pnname="BusinessObjectRef"><field pnname="PnName">AccountPerson</field></reference></reference><reference pnname="RefImportExportBODefRef"><ref-id>579</ref-id></reference></fields><associations /><links /></businessobject></association></associations><links /></businessobject></association><association botype="ImportExportWorker" ref-field="ImportExportDocumentRef"><businessobject botype="ImportExportWorker" version="201210004100" ref-id="1314"><included-references /><fields><field pnname="Name">This worker will read the XLS file and extract one Main BO at a time</field><field pnname="AdditionalParameters">mainElementName=Account
tabSheet=Account
rowStartData=3</field><field pnname="PlugInName">nl.planon.morpheus.pnworkers.server.excelworker.ExcelReaderWorker</field><field pnname="Sequence">10</field><field pnname="Code">XLSReader</field><field pnname="EnableLogging">T</field><reference pnname="ImportExportDocumentRef"><ref-id>249</ref-id></reference></fields><associations /><links /></businessobject><businessobject botype="ImportExportWorker" version="201210004100" ref-id="1315"><included-references /><fields><field pnname="Name">This worker will convert an XML String to the Import Export POJO</field><field pnname="AdditionalParameters" /><field pnname="PlugInName">nl.planon.morpheus.pnworkers.server.xmlworkers.XMLToPOJOWorker</field><field pnname="Sequence">20</field><field pnname="Code">XMLToPOJOConvertor</field><field pnname="EnableLogging">T</field><reference pnname="ImportExportDocumentRef"><ref-id>249</ref-id></reference></fields><associations /><links /></businessobject><businessobject botype="ImportExportWorker" version="201210004100" ref-id="1316"><included-references /><fields><field pnname="Name">This worker will persist the POJo into the Planon Application</field><field pnname="AdditionalParameters" /><field pnname="PlugInName">nl.planon.morpheus.pnworkers.server.planonwriterworker.PlanonDataWriterWorker</field><field pnname="Sequence">30</field><field pnname="Code">PlanonWriterWorker</field><field pnname="EnableLogging">T</field><reference pnname="ImportExportDocumentRef"><ref-id>249</ref-id></reference></fields><associations /><links /></businessobject><businessobject botype="ImportExportWorker" version="201210004100" ref-id="1317"><included-references /><fields><field pnname="Name">Transformer</field><field pnname="AdditionalParameters"><![CDATA[xsl=<?xml version="1.0" encoding="UTF-8"?>
<xsl:stylesheet xmlns:xsl="http://www.w3.org/1999/XSL/Transform" version="1.0"> 
<xsl:output method="xml" />
 <xsl:template match="Account">
	<Account>
		<xsl:copy-of select="node()|@*"/>
		<Account-AccountGroup>
			<AccountGroupRef><xsl:value-of select="AccountGroupRef"/></AccountGroupRef>
		</Account-AccountGroup>
		<AccountPerson>
		<PersonRef><xsl:value-of select="PersonRef"/></PersonRef>
		</AccountPerson>
	</Account>
  </xsl:template> 
 </xsl:stylesheet>]]></field><field pnname="PlugInName">nl.planon.morpheus.pnworkers.server.xsltworkers.XMLChunkXSLTTransformationWorker</field><field pnname="Sequence">15</field><field pnname="Code">Transformer</field><field pnname="EnableLogging">T</field><reference pnname="ImportExportDocumentRef"><ref-id>249</ref-id></reference></fields><associations /><links /></businessobject></association></associations><links /></businessobject></association><association botype="ExportDocument" ref-field="ImportExportDefinitionRef" /></associations><links /></businessobject><crc>xeqDSA4j3lnPxz+xCaf1QtrIbcWQmCq/n8qHnxb2v3U=</crc></document>