<?xml version='1.0' encoding='utf-8'?><document xmlns:xsi="http://www.w3.org/2001/XMLSchema-instance" xsi:noNamespaceSchemaLocation="importexport_201211.xsd"><header><creation-date>2016-06-15T17:34:46</creation-date><botype>ImportexportDefinition</botype><user>SUPERVISOR</user><database>MSSQL</database><EE-version state="Production">201210004100</EE-version><metadataversion>B_FOEE_2012100000_FB11393</metadataversion><languages><language code="NLD">Nederlands</language><language code="AME">English US</language><language code="ENG">English</language><language code="DEU">Deutsch</language><language code="FRA">Français</language><language code="ENI">English ITSM</language><language code="NLI">Nederlands ITSM</language></languages><measurementunit>METER</measurementunit></header><businessobject botype="ImportexportDefinition" version="201210004100" ref-id="129"><included-references /><fields><field pnname="Name">DBS Dynamic File Name Reader</field><field pnname="Code">DBS_DynamicFileReadr</field></fields><associations><association botype="ImportDocument" ref-field="ImportExportDefinitionRef" /><association botype="ExportDocument" ref-field="ImportExportDefinitionRef"><businessobject botype="ExportDocument" version="201210004100" ref-id="243"><included-references /><fields><field pnname="DataSource">dummy</field><field pnname="Name">test</field><field pnname="LogDuration" /><field pnname="DocumentSuffixDateTimeFormat" /><field pnname="ExportUniqueFile">F</field><field pnname="Sequence">1</field><field pnname="Code">000088</field><reference pnname="ImportExportDefinitionRef"><ref-id>129</ref-id></reference></fields><associations><association botype="ImportExportWorker" ref-field="ImportExportDocumentRef"><businessobject botype="ImportExportWorker" version="201210004100" ref-id="1290"><included-references /><fields><field pnname="Name">Test</field><field pnname="AdditionalParameters">in=C:\Users\sahend\Desktop\Projects\DBS\02 Attendance Taking\TMS Attendance Taking\Dynamic Name Reader PEET\dummy.xml,
out=C:\Users\sahend\Desktop\Projects\DBS\02 Attendance Taking\TMS Attendance Taking\Dynamic Name Reader PEET\dummy2.csv, 
xslfile=C:\Users\sahend\Desktop\Projects\DBS\02 Attendance Taking\TMS Attendance Taking\Dynamic Name Reader PEET\dateFilter.xsl</field><field pnname="PlugInName">nl.planon.morpheus.pnworkers.server.xsltworkers.FileXSLTTransformationWorker</field><field pnname="Sequence">10</field><field pnname="Code">CSVReader</field><field pnname="EnableLogging">F</field><reference pnname="ImportExportDocumentRef"><ref-id>243</ref-id></reference></fields><associations /><links /></businessobject></association><association botype="ExportBODefinition" ref-field="ImportExportDocumentRef" /></associations><links /></businessobject></association></associations><links /></businessobject><crc>/5Y3CvO0o01HP1S1vav/pu7oayEkFgi/dNUCB9Ey5L8=</crc></document>