<?xml version='1.0' encoding='utf-8'?><document xmlns:xsi="http://www.w3.org/2001/XMLSchema-instance" xsi:noNamespaceSchemaLocation="importexport_201211.xsd"><header><creation-date>2016-07-20T14:39:45</creation-date><botype>ImportexportDefinition</botype><user>SUPERVISOR</user><database>MSSQL</database><EE-version state="Production">201210004100</EE-version><metadataversion>B_FOEE_2012100000_FB11393</metadataversion><languages><language code="NLD">Nederlands</language><language code="AME">English US</language><language code="ENG">English</language><language code="DEU">Deutsch</language><language code="FRA">Français</language><language code="ENI">English ITSM</language><language code="NLI">Nederlands ITSM</language></languages><measurementunit>METER</measurementunit></header><businessobject botype="ImportexportDefinition" version="201210004100" ref-id="134"><included-references /><fields><field pnname="Name">Import employees</field><field pnname="Code">IMP_EMPLOYEE</field></fields><associations><association botype="ImportDocument" ref-field="ImportExportDefinitionRef"><businessobject botype="ImportDocument" version="201210004100" ref-id="248"><included-references /><fields><field pnname="DataSource">C:\Users\sahend\Desktop\PEET PERSONNEL INFO\Employees.xls</field><field pnname="Name">Import employees</field><field pnname="LogDuration" /><field pnname="PostProcessFileLocation" /><field pnname="Sequence">1</field><field pnname="Code">IMP_EMPLOYEE</field><field pnname="ImportPostProcessPolicy">KEEP</field><reference pnname="ImportExportDefinitionRef"><ref-id>134</ref-id></reference></fields><associations><association botype="ImportBODefinition" ref-field="ImportExportDocumentRef"><businessobject botype="ImportBODefinition" version="201210004100" ref-id="577"><included-references /><fields><field pnname="MarkValueField" /><field pnname="XMLNodeName">Space</field><field pnname="IsImportExportMarked">F</field><reference pnname="ImportPolicyNotExist"><field pnname="Code">1</field></reference><reference pnname="ImportPolicyExistOnce"><field pnname="Code">1</field></reference><reference pnname="MarkingCurrentState" /><reference pnname="BusinessObjectRef"><field pnname="PnName">Space</field></reference><reference pnname="MarkFieldRef" /><reference pnname="ImportPolicyExistTwoORMore"><field pnname="Code">2</field></reference><reference pnname="ImportExportDocumentRef"><ref-id>248</ref-id></reference></fields><associations><association botype="ImportexportFieldDefinition" ref-field="ImportExporBODefinitionRef"><businessobject botype="ImportexportFieldDefinition" version="201210004100" ref-id="3970"><included-references /><fields><field pnname="ImportPolicy">NEVER_USE_DEFAULT</field><field pnname="PartOfID">T</field><field pnname="XMLNodeName">Code</field><field pnname="DefaultValueXml" /><reference pnname="ImportExporBODefinitionRef"><ref-id>577</ref-id></reference><reference pnname="FieldDefinitionRef"><field pnname="PnName">Code</field><reference pnname="BusinessObjectRef"><field pnname="PnName">Space</field></reference></reference></fields><associations /><links /></businessobject><businessobject botype="ImportexportFieldDefinition" version="201210004100" ref-id="3971"><included-references /><fields><field pnname="ImportPolicy">NEVER_USE_DEFAULT</field><field pnname="PartOfID">T</field><field pnname="XMLNodeName">PropertyRef</field><field pnname="DefaultValueXml" /><reference pnname="ImportExporBODefinitionRef"><ref-id>577</ref-id></reference><reference pnname="FieldDefinitionRef"><field pnname="PnName">PropertyRef</field><reference pnname="BusinessObjectRef"><field pnname="PnName">Space</field></reference></reference></fields><associations /><links /></businessobject></association><association botype="ImportExportFieldAsSubDefinition" ref-field="ImportExporBODefinitionRef" /><association botype="ImportExportFieldAsSuperDefinition" ref-field="ImportExporBODefinitionRef" /></associations><links /></businessobject><businessobject botype="ImportBODefinition" version="201210004100" ref-id="578"><included-references /><fields><field pnname="MarkValueField" /><field pnname="XMLNodeName">UsrEmployee</field><field pnname="IsImportExportMarked">F</field><reference pnname="ImportPolicyNotExist"><field pnname="Code">1</field></reference><reference pnname="ImportPolicyExistOnce"><field pnname="Code">1</field></reference><reference pnname="MarkingCurrentState" /><reference pnname="BusinessObjectRef"><field pnname="PnName">UsrEmployee</field></reference><reference pnname="MarkFieldRef" /><reference pnname="ImportPolicyExistTwoORMore"><field pnname="Code">2</field></reference><reference pnname="ImportExportDocumentRef"><ref-id>248</ref-id></reference></fields><associations><association botype="ImportexportFieldDefinition" ref-field="ImportExporBODefinitionRef"><businessobject botype="ImportexportFieldDefinition" version="201210004100" ref-id="3972"><included-references /><fields><field pnname="ImportPolicy">NEVER_USE_DEFAULT</field><field pnname="PartOfID">F</field><field pnname="XMLNodeName">FreeString2</field><field pnname="DefaultValueXml" /><reference pnname="ImportExporBODefinitionRef"><ref-id>578</ref-id></reference><reference pnname="FieldDefinitionRef"><field pnname="PnName">FreeString2</field><reference pnname="BusinessObjectRef"><field pnname="PnName">UsrEmployee</field></reference></reference></fields><associations /><links /></businessobject><businessobject botype="ImportexportFieldDefinition" version="201210004100" ref-id="3973"><included-references /><fields><field pnname="ImportPolicy">NEVER_USE_DEFAULT</field><field pnname="PartOfID">F</field><field pnname="XMLNodeName">LastName</field><field pnname="DefaultValueXml" /><reference pnname="ImportExporBODefinitionRef"><ref-id>578</ref-id></reference><reference pnname="FieldDefinitionRef"><field pnname="PnName">LastName</field><reference pnname="BusinessObjectRef"><field pnname="PnName">UsrEmployee</field></reference></reference></fields><associations /><links /></businessobject><businessobject botype="ImportexportFieldDefinition" version="201210004100" ref-id="3974"><included-references /><fields><field pnname="ImportPolicy">NEVER_USE_DEFAULT</field><field pnname="PartOfID">T</field><field pnname="XMLNodeName">Code</field><field pnname="DefaultValueXml" /><reference pnname="ImportExporBODefinitionRef"><ref-id>578</ref-id></reference><reference pnname="FieldDefinitionRef"><field pnname="PnName">Code</field><reference pnname="BusinessObjectRef"><field pnname="PnName">UsrEmployee</field></reference></reference></fields><associations /><links /></businessobject><businessobject botype="ImportexportFieldDefinition" version="201210004100" ref-id="3975"><included-references /><fields><field pnname="ImportPolicy">NEVER_USE_DEFAULT</field><field pnname="PartOfID">F</field><field pnname="XMLNodeName">Email</field><field pnname="DefaultValueXml" /><reference pnname="ImportExporBODefinitionRef"><ref-id>578</ref-id></reference><reference pnname="FieldDefinitionRef"><field pnname="PnName">Email</field><reference pnname="BusinessObjectRef"><field pnname="PnName">UsrEmployee</field></reference></reference></fields><associations /><links /></businessobject><businessobject botype="ImportexportFieldDefinition" version="201210004100" ref-id="3976"><included-references /><fields><field pnname="ImportPolicy">NEVER_USE_DEFAULT</field><field pnname="PartOfID">F</field><field pnname="XMLNodeName">DeviceID</field><field pnname="DefaultValueXml" /><reference pnname="ImportExporBODefinitionRef"><ref-id>578</ref-id></reference><reference pnname="FieldDefinitionRef"><field pnname="PnName">DeviceID</field><reference pnname="BusinessObjectRef"><field pnname="PnName">UsrEmployee</field></reference></reference></fields><associations /><links /></businessobject><businessobject botype="ImportexportFieldDefinition" version="201210004100" ref-id="3977"><included-references /><fields><field pnname="ImportPolicy">NEVER_USE_DEFAULT</field><field pnname="PartOfID">F</field><field pnname="XMLNodeName">DepartmentRef</field><field pnname="DefaultValueXml" /><reference pnname="ImportExporBODefinitionRef"><ref-id>578</ref-id></reference><reference pnname="FieldDefinitionRef"><field pnname="PnName">DepartmentRef</field><reference pnname="BusinessObjectRef"><field pnname="PnName">UsrEmployee</field></reference></reference></fields><associations /><links /></businessobject><businessobject botype="ImportexportFieldDefinition" version="201210004100" ref-id="3978"><included-references /><fields><field pnname="ImportPolicy">NEVER_USE_DEFAULT</field><field pnname="PartOfID">F</field><field pnname="XMLNodeName">CostCentreRef</field><field pnname="DefaultValueXml" /><reference pnname="ImportExporBODefinitionRef"><ref-id>578</ref-id></reference><reference pnname="FieldDefinitionRef"><field pnname="PnName">CostCentreRef</field><reference pnname="BusinessObjectRef"><field pnname="PnName">UsrEmployee</field></reference></reference></fields><associations /><links /></businessobject><businessobject botype="ImportexportFieldDefinition" version="201210004100" ref-id="3979"><included-references /><fields><field pnname="ImportPolicy">NEVER_USE_DEFAULT</field><field pnname="PartOfID">F</field><field pnname="XMLNodeName">PropertyRef</field><field pnname="DefaultValueXml" /><reference pnname="ImportExporBODefinitionRef"><ref-id>578</ref-id></reference><reference pnname="FieldDefinitionRef"><field pnname="PnName">PropertyRef</field><reference pnname="BusinessObjectRef"><field pnname="PnName">UsrEmployee</field></reference></reference></fields><associations /><links /></businessobject><businessobject botype="ImportexportFieldDefinition" version="201210004100" ref-id="3980"><included-references /><fields><field pnname="ImportPolicy">NEVER_USE_DEFAULT</field><field pnname="PartOfID">F</field><field pnname="XMLNodeName">FacilityNetUsername</field><field pnname="DefaultValueXml" /><reference pnname="ImportExporBODefinitionRef"><ref-id>578</ref-id></reference><reference pnname="FieldDefinitionRef"><field pnname="PnName">FacilityNetUsername</field><reference pnname="BusinessObjectRef"><field pnname="PnName">UsrEmployee</field></reference></reference></fields><associations /><links /></businessobject><businessobject botype="ImportexportFieldDefinition" version="201210004100" ref-id="3981"><included-references /><fields><field pnname="ImportPolicy">NEVER_USE_DEFAULT</field><field pnname="PartOfID">F</field><field pnname="XMLNodeName">FirstName</field><field pnname="DefaultValueXml" /><reference pnname="ImportExporBODefinitionRef"><ref-id>578</ref-id></reference><reference pnname="FieldDefinitionRef"><field pnname="PnName">FirstName</field><reference pnname="BusinessObjectRef"><field pnname="PnName">UsrEmployee</field></reference></reference></fields><associations /><links /></businessobject><businessobject botype="ImportexportFieldDefinition" version="201210004100" ref-id="3982"><included-references /><fields><field pnname="ImportPolicy">NEVER_USE_DEFAULT</field><field pnname="PartOfID">F</field><field pnname="XMLNodeName">Initials</field><field pnname="DefaultValueXml" /><reference pnname="ImportExporBODefinitionRef"><ref-id>578</ref-id></reference><reference pnname="FieldDefinitionRef"><field pnname="PnName">Initials</field><reference pnname="BusinessObjectRef"><field pnname="PnName">UsrEmployee</field></reference></reference></fields><associations /><links /></businessobject><businessobject botype="ImportexportFieldDefinition" version="201210004100" ref-id="3983"><included-references /><fields><field pnname="ImportPolicy">NEVER_USE_DEFAULT</field><field pnname="PartOfID">F</field><field pnname="XMLNodeName">PersonTypeRef</field><field pnname="DefaultValueXml" /><reference pnname="ImportExporBODefinitionRef"><ref-id>578</ref-id></reference><reference pnname="FieldDefinitionRef"><field pnname="PnName">PersonTypeRef</field><reference pnname="BusinessObjectRef"><field pnname="PnName">UsrEmployee</field></reference></reference></fields><associations /><links /></businessobject><businessobject botype="ImportexportFieldDefinition" version="201210004100" ref-id="3984"><included-references /><fields><field pnname="ImportPolicy">NEVER_USE_DEFAULT</field><field pnname="PartOfID">F</field><field pnname="XMLNodeName">Prefix</field><field pnname="DefaultValueXml" /><reference pnname="ImportExporBODefinitionRef"><ref-id>578</ref-id></reference><reference pnname="FieldDefinitionRef"><field pnname="PnName">Prefix</field><reference pnname="BusinessObjectRef"><field pnname="PnName">UsrEmployee</field></reference></reference></fields><associations /><links /></businessobject><businessobject botype="ImportexportFieldDefinition" version="201210004100" ref-id="3985"><included-references /><fields><field pnname="ImportPolicy">NEVER_USE_DEFAULT</field><field pnname="PartOfID">F</field><field pnname="XMLNodeName">PhoneNumber</field><field pnname="DefaultValueXml" /><reference pnname="ImportExporBODefinitionRef"><ref-id>578</ref-id></reference><reference pnname="FieldDefinitionRef"><field pnname="PnName">PhoneNumber</field><reference pnname="BusinessObjectRef"><field pnname="PnName">UsrEmployee</field></reference></reference></fields><associations /><links /></businessobject><businessobject botype="ImportexportFieldDefinition" version="201210004100" ref-id="3986"><included-references /><fields><field pnname="ImportPolicy">NEVER_USE_DEFAULT</field><field pnname="PartOfID">F</field><field pnname="XMLNodeName">BeginDate</field><field pnname="DefaultValueXml" /><reference pnname="ImportExporBODefinitionRef"><ref-id>578</ref-id></reference><reference pnname="FieldDefinitionRef"><field pnname="PnName">BeginDate</field><reference pnname="BusinessObjectRef"><field pnname="PnName">UsrEmployee</field></reference></reference></fields><associations /><links /></businessobject><businessobject botype="ImportexportFieldDefinition" version="201210004100" ref-id="3987"><included-references /><fields><field pnname="ImportPolicy">NEVER_USE_DEFAULT</field><field pnname="PartOfID">F</field><field pnname="XMLNodeName">EndDate</field><field pnname="DefaultValueXml" /><reference pnname="ImportExporBODefinitionRef"><ref-id>578</ref-id></reference><reference pnname="FieldDefinitionRef"><field pnname="PnName">EndDate</field><reference pnname="BusinessObjectRef"><field pnname="PnName">UsrEmployee</field></reference></reference></fields><associations /><links /></businessobject></association><association botype="ImportExportFieldAsSubDefinition" ref-field="ImportExporBODefinitionRef"><businessobject botype="ImportExportFieldAsSubDefinition" version="201210004100" ref-id="3988"><included-references /><fields><field pnname="PartOfID">F</field><reference pnname="ImportExporBODefinitionRef"><ref-id>578</ref-id></reference><reference pnname="FieldDefinitionRef"><field pnname="PnName">SpaceRef</field><reference pnname="BusinessObjectRef"><field pnname="PnName">UsrEmployee</field></reference></reference><reference pnname="RefImportExportBODefRef"><ref-id>577</ref-id></reference></fields><associations /><links /></businessobject></association><association botype="ImportExportFieldAsSuperDefinition" ref-field="ImportExporBODefinitionRef" /></associations><links /></businessobject><businessobject botype="ImportBODefinition" version="201210004100" ref-id="581"><included-references /><fields><field pnname="MarkValueField" /><field pnname="XMLNodeName">AccountPerson</field><field pnname="IsImportExportMarked">F</field><reference pnname="ImportPolicyNotExist"><field pnname="Code">1</field></reference><reference pnname="ImportPolicyExistOnce"><field pnname="Code">1</field></reference><reference pnname="MarkingCurrentState" /><reference pnname="BusinessObjectRef"><field pnname="PnName">AccountPerson</field></reference><reference pnname="MarkFieldRef" /><reference pnname="ImportPolicyExistTwoORMore"><field pnname="Code">2</field></reference><reference pnname="ImportExportDocumentRef"><ref-id>248</ref-id></reference></fields><associations><association botype="ImportexportFieldDefinition" ref-field="ImportExporBODefinitionRef"><businessobject botype="ImportexportFieldDefinition" version="201210004100" ref-id="3995"><included-references /><fields><field pnname="ImportPolicy">NEVER_USE_DEFAULT</field><field pnname="PartOfID">F</field><field pnname="XMLNodeName">PersonRef</field><field pnname="DefaultValueXml" /><reference pnname="ImportExporBODefinitionRef"><ref-id>581</ref-id></reference><reference pnname="FieldDefinitionRef"><field pnname="PnName">PersonRef</field><reference pnname="BusinessObjectRef"><field pnname="PnName">AccountPerson</field></reference></reference></fields><associations /><links /></businessobject><businessobject botype="ImportexportFieldDefinition" version="201210004100" ref-id="3996"><included-references /><fields><field pnname="ImportPolicy">NEVER_USE_DEFAULT</field><field pnname="PartOfID">F</field><field pnname="XMLNodeName">AccountRef</field><field pnname="DefaultValueXml" /><reference pnname="ImportExporBODefinitionRef"><ref-id>581</ref-id></reference><reference pnname="FieldDefinitionRef"><field pnname="PnName">AccountRef</field><reference pnname="BusinessObjectRef"><field pnname="PnName">AccountPerson</field></reference></reference></fields><associations /><links /></businessobject></association><association botype="ImportExportFieldAsSubDefinition" ref-field="ImportExporBODefinitionRef" /><association botype="ImportExportFieldAsSuperDefinition" ref-field="ImportExporBODefinitionRef" /></associations><links /></businessobject></association><association botype="ImportExportWorker" ref-field="ImportExportDocumentRef"><businessobject botype="ImportExportWorker" version="201210004100" ref-id="1307"><included-references /><fields><field pnname="Name">This worker will read the XLS file and extract one Main BO at a time</field><field pnname="AdditionalParameters">mainElementName=UsrEmployee
tabSheet=Employee
rowStartData=3</field><field pnname="PlugInName">nl.planon.morpheus.pnworkers.server.excelworker.ExcelReaderWorker</field><field pnname="Sequence">10</field><field pnname="Code">XLSReader</field><field pnname="EnableLogging">T</field><reference pnname="ImportExportDocumentRef"><ref-id>248</ref-id></reference></fields><associations /><links /></businessobject><businessobject botype="ImportExportWorker" version="201210004100" ref-id="1308"><included-references /><fields><field pnname="Name">This worker will convert an XML String to the Import Export POJO</field><field pnname="AdditionalParameters" /><field pnname="PlugInName">nl.planon.morpheus.pnworkers.server.xmlworkers.XMLToPOJOWorker</field><field pnname="Sequence">20</field><field pnname="Code">XMLToPOJOConvertor</field><field pnname="EnableLogging">F</field><reference pnname="ImportExportDocumentRef"><ref-id>248</ref-id></reference></fields><associations /><links /></businessobject><businessobject botype="ImportExportWorker" version="201210004100" ref-id="1309"><included-references /><fields><field pnname="Name">This worker will persist the POJo into the Planon Application</field><field pnname="AdditionalParameters" /><field pnname="PlugInName">nl.planon.morpheus.pnworkers.server.planonwriterworker.PlanonDataWriterWorker</field><field pnname="Sequence">30</field><field pnname="Code">PlanonWriterWorker</field><field pnname="EnableLogging">T</field><reference pnname="ImportExportDocumentRef"><ref-id>248</ref-id></reference></fields><associations /><links /></businessobject><businessobject botype="ImportExportWorker" version="201210004100" ref-id="1310"><included-references /><fields><field pnname="Name">Transformation worker</field><field pnname="AdditionalParameters"><![CDATA[xsl=<?xml version="1.0" encoding="UTF-8"?>
<xsl:stylesheet xmlns:xsl="http://www.w3.org/1999/XSL/Transform" version="1.0"> 
<xsl:output method="xml" />
<xsl:template match="UsrEmployee">
	<UsrEmployee>
        	<xsl:copy-of select="node()|@*"/>
		<Space>
			<Code><xsl:value-of select="SpaceRef"/></Code>
			<PropertyRef><xsl:value-of select="PropertyRef"/></PropertyRef>
		</Space>
	</UsrEmployee>
  </xsl:template> 
 </xsl:stylesheet>]]></field><field pnname="PlugInName">nl.planon.morpheus.pnworkers.server.xsltworkers.XMLChunkXSLTTransformationWorker</field><field pnname="Sequence">15</field><field pnname="Code">XSLT</field><field pnname="EnableLogging">F</field><reference pnname="ImportExportDocumentRef"><ref-id>248</ref-id></reference></fields><associations /><links /></businessobject></association></associations><links /></businessobject></association><association botype="ExportDocument" ref-field="ImportExportDefinitionRef" /></associations><links /></businessobject><crc>7EARj2D5AVM4EU92j+146Amw4MtO4khVcase6xhCMZk=</crc></document>